{"asset/font/Roboto/Roboto-Regular.ttf":["asset/font/Roboto/Roboto-Regular.ttf"],"asset/icons/filled_star.png":["asset/icons/filled_star.png"],"asset/icons/menu.svg":["asset/icons/menu.svg"],"asset/icons/star.png":["asset/icons/star.png"],"asset/icons/visible_eye.svg":["asset/icons/visible_eye.svg"],"asset/image/app icons_dual.svg":["asset/image/app icons_dual.svg"],"asset/image/app icons_home.svg":["asset/image/app icons_home.svg"],"asset/image/app icons_running.svg":["asset/image/app icons_running.svg"],"asset/image/app icons_swimming.svg":["asset/image/app icons_swimming.svg"],"asset/image/app icons_tri.png":["asset/image/app icons_tri.png"],"asset/image/app_cycling_icon.svg":["asset/image/app_cycling_icon.svg"],"asset/image/app_logo.png":["asset/image/app_logo.png"],"asset/image/bg_app.svg":["asset/image/bg_app.svg"],"asset/image/bg_sign.svg":["asset/image/bg_sign.svg"],"asset/image/bglogin.svg":["asset/image/bglogin.svg"],"asset/image/blob.svg":["asset/image/blob.svg"],"asset/image/calender.png":["asset/image/calender.png"],"asset/image/category.png":["asset/image/category.png"],"asset/image/demo4.jpg":["asset/image/demo4.jpg"],"asset/image/distance.png":["asset/image/distance.png"],"asset/image/dual.svg":["asset/image/dual.svg"],"asset/image/dual2.svg":["asset/image/dual2.svg"],"asset/image/duathlonicon.png":["asset/image/duathlonicon.png"],"asset/image/no data.png":["asset/image/no data.png"],"asset/image/no-image.png":["asset/image/no-image.png"],"asset/image/no_image_event (1).png":["asset/image/no_image_event (1).png"],"asset/image/no_image_profile.png":["asset/image/no_image_profile.png"],"asset/image/rupay.png":["asset/image/rupay.png"],"asset/image/tri.svg":["asset/image/tri.svg"],"asset/image/triathlon_svg_icon.svg":["asset/image/triathlon_svg_icon.svg"],"packages/cupertino_icons/assets/CupertinoIcons.ttf":["packages/cupertino_icons/assets/CupertinoIcons.ttf"],"packages/fluttertoast/assets/toastify.css":["packages/fluttertoast/assets/toastify.css"],"packages/fluttertoast/assets/toastify.js":["packages/fluttertoast/assets/toastify.js"],"packages/font_awesome_flutter/lib/fonts/fa-brands-400.ttf":["packages/font_awesome_flutter/lib/fonts/fa-brands-400.ttf"],"packages/font_awesome_flutter/lib/fonts/fa-regular-400.ttf":["packages/font_awesome_flutter/lib/fonts/fa-regular-400.ttf"],"packages/font_awesome_flutter/lib/fonts/fa-solid-900.ttf":["packages/font_awesome_flutter/lib/fonts/fa-solid-900.ttf"],"packages/wakelock_plus/assets/no_sleep.js":["packages/wakelock_plus/assets/no_sleep.js"]}